Original,Duplicate
![](https://raw.githubusercontent.com/kent-map/images/main/canterbury/St_George's_Clock_Tower.jpg),![](https://raw.githubusercontent.com/kent-map/images/main/canterbury/St_Georges_Clock_Tower_2_MJC.jpg)
![](https://raw.githubusercontent.com/kent-map/images/main/canterbury/Delapidated_Nasons.jpg),![](https://raw.githubusercontent.com/kent-map/images/main/canterbury/Nason's.jpg)
![](https://raw.githubusercontent.com/kent-map/images/main/canterbury/Abandoned_Burtons.jpg),![](https://raw.githubusercontent.com/kent-map/images/main/canterbury/Burtons.jpg)
![](https://raw.githubusercontent.com/kent-map/images/main/misc/kent-map-header.jpg),![](https://raw.githubusercontent.com/kent-map/images/main/Kent_Maps.jpg)
![](https://raw.githubusercontent.com/kent-map/images/main/then-and-now/Kent_Maps.jpg),![](https://raw.githubusercontent.com/kent-map/images/main/Kent_Maps.jpg)
![](https://raw.githubusercontent.com/kent-map/images/main/21c/Tony_Benn.jpg),![](https://raw.githubusercontent.com/kent-map/images/main/21c/Waterstones_Benn.jpg)
![](https://raw.githubusercontent.com/kent-map/images/main/21c/Waterstones_Terence_Stamp.jpg),![](https://raw.githubusercontent.com/kent-map/images/main/21c/Terence_Stamp.jpg)
![](https://raw.githubusercontent.com/kent-map/images/main/21c/Waterstones_Roy_Jenkins.jpg),![](https://raw.githubusercontent.com/kent-map/images/main/21c/Roy_Jenkins.jpg)
![](https://raw.githubusercontent.com/kent-map/images/main/21c/JK_Rowling.jpg),![](https://raw.githubusercontent.com/kent-map/images/main/21c/Waterstones_JK_Rowling.jpg)
![](https://raw.githubusercontent.com/kent-map/images/main/21c/Former_site_of_Waterstones_March_2021_MJC.jpg),![](https://raw.githubusercontent.com/kent-map/images/main/21c/20-21_St_Margaret's_Street.jpg)
![](https://raw.githubusercontent.com/kent-map/images/main/21c/Mermaid.jpg),![](https://raw.githubusercontent.com/kent-map/images/main/21c/Kent_Maps_Mermaid_Transparent.jpg)
![](https://raw.githubusercontent.com/kent-map/images/main/21c/Mermaid.jpg),![](https://raw.githubusercontent.com/kent-map/images/main/21c/Margate_Mermaid.jpg)
![](https://raw.githubusercontent.com/kent-map/images/main/21c/Waterstones_ECO.jpg),![](https://raw.githubusercontent.com/kent-map/images/main/21c/Umberto_Eco.jpg)
![](https://raw.githubusercontent.com/kent-map/images/main/21c/Nigella_Lawson.jpg),![](https://raw.githubusercontent.com/kent-map/images/main/21c/Waterstones_Nigella_Lawson.jpg)
![](https://raw.githubusercontent.com/kent-map/images/main/21c/Margate.jpg),![](https://raw.githubusercontent.com/kent-map/images/main/21c/Mark_Holihan.jpg)
![](https://raw.githubusercontent.com/kent-map/images/main/21c/Waterstones_March_2021_MJC.jpg),"![](https://raw.githubusercontent.com/kent-map/images/main/21c/Waterstones,_Rose_Lane,_Canterbury.jpg)"
![](https://raw.githubusercontent.com/kent-map/images/main/21c/Waterstones_Colin_Dexter.jpg),![](https://raw.githubusercontent.com/kent-map/images/main/21c/Colin_Dexter.jpg)
![](https://raw.githubusercontent.com/kent-map/images/main/canterbury/A2_sign.jpg),![](https://raw.githubusercontent.com/kent-map/images/main/21c/A2_sign.jpg)
![](https://raw.githubusercontent.com/kent-map/images/main/20c/Feather_1228678_1920.jpg),![](https://raw.githubusercontent.com/kent-map/images/main/20c/White_Feather.jpg)
![](https://raw.githubusercontent.com/kent-map/images/main/20c/Copden_House_in_1974._Photo:_Alfred_Cohen_Archive.jpg),![](https://raw.githubusercontent.com/kent-map/images/main/20c/Copden_1974.jpg)
![](https://raw.githubusercontent.com/kent-map/images/main/20c/Prospect_Cottage.jpg),![](https://raw.githubusercontent.com/kent-map/images/main/20c/Jarman1.jpg)
![](https://raw.githubusercontent.com/kent-map/images/main/20c/Prospect_Cottage.jpg),![](https://raw.githubusercontent.com/kent-map/images/main/20c/Jarman__1.jpg)
![](https://raw.githubusercontent.com/kent-map/images/main/20c/Folkestone.jpg),"![](https://raw.githubusercontent.com/kent-map/images/main/20c/Alfred_Cohen,_Folkestone,_1974,_oil_on_hardboard,_16_x_20_in;_40.6_x_50.8_cm._©_The_Artist’s_Estate._Private_Collection._Photo:_Peter_Huggins.jpg)"
![](https://raw.githubusercontent.com/kent-map/images/main/canterbury/Postcard_of_Kent_College_1930s.jpg),![](https://raw.githubusercontent.com/kent-map/images/main/20c/Postcard_of_Kent_College_1930s.jpg)
![](https://raw.githubusercontent.com/kent-map/images/main/canterbury/Beaney_20C.jpg),![](https://raw.githubusercontent.com/kent-map/images/main/20c/Beaney_20C.jpg)
![](https://raw.githubusercontent.com/kent-map/images/main/20c/Love_in_a_Mist.jpg),![](https://raw.githubusercontent.com/kent-map/images/main/20c/Lovemist.jpg)
![](https://raw.githubusercontent.com/kent-map/images/main/20c/Love_in_a_Mist.jpg),![](https://raw.githubusercontent.com/kent-map/images/main/19c/Love_in_a_Mist.jpg)
"![](https://raw.githubusercontent.com/kent-map/images/main/20c/The_Coach_House,_Ballards,_Near_Goudhurst,_in_1963._Photo:_Alfred_Cohen_Archive.jpg)",![](https://raw.githubusercontent.com/kent-map/images/main/20c/Ballards.jpg)
![](https://raw.githubusercontent.com/kent-map/images/main/20c/Sissinghurst__2.jpg),![](https://raw.githubusercontent.com/kent-map/images/main/20c/Sissinghurst.jpg)
![](https://raw.githubusercontent.com/kent-map/images/main/20c/First_of_the_Feathers:_Soldiers_and_Suffragettes.jpg),![](https://raw.githubusercontent.com/kent-map/images/main/White_Feather_play.jpg)
![](https://raw.githubusercontent.com/kent-map/images/main/20c/White_Feather_play.jpg),![](https://raw.githubusercontent.com/kent-map/images/main/White_Feather_play.jpg)
"![](https://raw.githubusercontent.com/kent-map/images/main/20c/Spade_House,_2021.jpg)",![](https://raw.githubusercontent.com/kent-map/images/main/20c/Spade_MJC.jpg)
![](https://raw.githubusercontent.com/kent-map/images/main/20c/Belgian_Refugees.jpg),![](https://raw.githubusercontent.com/kent-map/images/main/20c/Belgians.jpg)
![](https://raw.githubusercontent.com/kent-map/images/main/20c/Belgian_Refugees.jpg),![](https://raw.githubusercontent.com/kent-map/images/main/20c/Arrival_of_Belgians_FMuseum.jpg)
![](https://raw.githubusercontent.com/kent-map/images/main/20c/Gladys_Waterer__1.jpg),"![](https://raw.githubusercontent.com/kent-map/images/main/20c/Gladys_Waterer,_as_Mrs_Squeers,_Dickens_Festival_1939.jpg)"
![](https://raw.githubusercontent.com/kent-map/images/main/20c/Red_landscape.jpg),"![](https://raw.githubusercontent.com/kent-map/images/main/20c/Red_Landscape_in_Kent,_1965,_oil_on_canvas,_18_x_22_in;_45.7_x_55.9_cm._Alfred_Cohen_Art_Foundation;_gift_of_Michael_and_Jill_Barrington._©_The_Artist’s_Estate._Photo:_Peter_Huggins.jpg)"
![](https://raw.githubusercontent.com/kent-map/images/main/20c/The_Kent_coast_(IA_kentcoast00lewirich).jpg),"![](https://raw.githubusercontent.com/kent-map/images/main/20c/Lewis,_Arthur_D,_The_Kent_Coast.jpg)"
![](https://raw.githubusercontent.com/kent-map/images/main/20c/Roman_Folkestone_inside_MJC.jpg),![](https://raw.githubusercontent.com/kent-map/images/main/20c/Roman_Folkestone_by_S.E._Winbolt.jpg)
![](https://raw.githubusercontent.com/kent-map/images/main/20c/Tony_Archaeologist.jpg),![](https://raw.githubusercontent.com/kent-map/images/main/20c/Tony.jpg)
"![](https://raw.githubusercontent.com/kent-map/images/main/20c/Mary_Tourtel_at_her_home_in_Palace_Street,_Canterbury._Circa_1895.jpg)",![](https://raw.githubusercontent.com/kent-map/images/main/20c/Tourtel_cantmus.jpg)
"![](https://raw.githubusercontent.com/kent-map/images/main/20c/20,_Castle_Road.jpg)",![](https://raw.githubusercontent.com/kent-map/images/main/20c/Castle_Rd_MJC.jpg)
"![](https://raw.githubusercontent.com/kent-map/images/main/20c/Bleak_House,_Broadstairs.jpg)",![](https://raw.githubusercontent.com/kent-map/images/main/20c/Bleak_House_Broadstairs_MJC.jpg)
"![](https://raw.githubusercontent.com/kent-map/images/main/20c/Bleak_House,_Broadstairs.jpg)",![](https://raw.githubusercontent.com/kent-map/images/main/dickens/Bleak_House_Broadstairs_MJC.jpg)
![](https://raw.githubusercontent.com/kent-map/images/main/20c/Somerset_Mauagham.jpg),![](https://raw.githubusercontent.com/kent-map/images/main/20c/Somerset_Maugham.jpg)
![](https://raw.githubusercontent.com/kent-map/images/main/20c/The_Doorway_of_England.jpg),![](https://raw.githubusercontent.com/kent-map/images/main/20c/The_Doorway_of_England_A80069-72.jpg)
![](https://raw.githubusercontent.com/kent-map/images/main/20c/The_Doorway_of_England.jpg),![](https://raw.githubusercontent.com/kent-map/images/main/dickens/The_Doorway_of_England.jpg)
![](https://raw.githubusercontent.com/kent-map/images/main/20c/Near_Goudhurst.jpg),"![](https://raw.githubusercontent.com/kent-map/images/main/20c/Alfred_Cohen,_Near_Goudhurst,_1965,_oil_on_board,_9.75_x_11.in;_24.8_x_29.9_cm._©_The_Artist’s_Estate._Collection:_Diana_Cohen._Photo:_Peter_Huggins.jpg)"
![](https://raw.githubusercontent.com/kent-map/images/main/20c/1936_R2-12_Our_truck_Tony_and_Joao.jpg),"![](https://raw.githubusercontent.com/kent-map/images/main/20c/Truck,_Tony_and_Joao.jpg)"
![](https://raw.githubusercontent.com/kent-map/images/main/20c/Sissinghurst_postcard.jpg),![](https://raw.githubusercontent.com/kent-map/images/main/20c/Sissinghurst_Castle.jpg)
![](https://raw.githubusercontent.com/kent-map/images/main/20c/1937_Angola_Jemima_stuck.jpg),"![](https://raw.githubusercontent.com/kent-map/images/main/20c/Tony_gathering_straw,_Angola,_1937.jpg)"
![](https://raw.githubusercontent.com/kent-map/images/main/20c/Tourtel_cantmus__2.jpg),![](https://raw.githubusercontent.com/kent-map/images/main/20c/Kicking_from_‘Horses_at_Work’.jpg)
"![](https://raw.githubusercontent.com/kent-map/images/main/20c/Roman_Pharos,_Dover.jpg)",![](https://raw.githubusercontent.com/kent-map/images/main/20c/Roman_Pharos.jpg)
"![](https://raw.githubusercontent.com/kent-map/images/main/canterbury/Simon_Langton_Boys,_Entrance_1974.jpg)","![](https://raw.githubusercontent.com/kent-map/images/main/20c/Simon_Langton_Boys,_Entrance_1974_CROPPED.jpg)"
![](https://raw.githubusercontent.com/kent-map/images/main/20c/Illustration_of_the_secret_war_tunnels_at_Dover.jpg),![](https://raw.githubusercontent.com/kent-map/images/main/20c/Brooke.jpg)
![](https://raw.githubusercontent.com/kent-map/images/main/20c/Richborough_Ferry_1916-19_PC19-077.jpg),![](https://raw.githubusercontent.com/kent-map/images/main/20c/Richborough_Ferry_1916-1919.jpg)
![](https://raw.githubusercontent.com/kent-map/images/main/20c/Dungeness__1.jpg),![](https://raw.githubusercontent.com/kent-map/images/main/20c/Jarman__3.jpg)
![](https://raw.githubusercontent.com/kent-map/images/main/20c/Dungeness__1.jpg),![](https://raw.githubusercontent.com/kent-map/images/main/20c/Jarman3.jpg)
![](https://raw.githubusercontent.com/kent-map/images/main/20c/Tourtel_cantmus__4.jpg),![](https://raw.githubusercontent.com/kent-map/images/main/20c/©Canterbury_Museums_and_Galleries._Three_Little_Foxes.jpg)
![](https://raw.githubusercontent.com/kent-map/images/main/20c/Cover_of_Sissinghurst_by_Vita_Sackville-West.jpg),![](https://raw.githubusercontent.com/kent-map/images/main/20c/Sissinghurst_cover.jpg)
![](https://raw.githubusercontent.com/kent-map/images/main/20c/Canterbury_Cloisters.jpg),![](https://raw.githubusercontent.com/kent-map/images/main/20c/Tourtel_cantmus__5.jpg)
![](https://raw.githubusercontent.com/kent-map/images/main/20c/Richborough_Ferry_1916-19.jpg),![](https://raw.githubusercontent.com/kent-map/images/main/20c/Unloading_Train_Ferry_1919.jpg)
"![](https://raw.githubusercontent.com/kent-map/images/main/20c/Scullsgate_Oast,_Benenden,_c.1978._Photo:_Alfred_Cohen_Archive.jpg)",![](https://raw.githubusercontent.com/kent-map/images/main/20c/Scullsgate.jpg)
![](https://raw.githubusercontent.com/kent-map/images/main/20c/Copden.jpg),![](https://raw.githubusercontent.com/kent-map/images/main/20c/Copden_House_in_1970._Photo:_Alfred_Cohen_Archives.jpg)
![](https://raw.githubusercontent.com/kent-map/images/main/20c/Kipps_MJC.jpg),"![](https://raw.githubusercontent.com/kent-map/images/main/20c/Kipps_Alehouse,_Folkestone,_2021.jpg)"
![](https://raw.githubusercontent.com/kent-map/images/main/20c/Jarman4.jpg),![](https://raw.githubusercontent.com/kent-map/images/main/20c/Jarman__4.jpg)
![](https://raw.githubusercontent.com/kent-map/images/main/20c/Jarman4.jpg),![](https://raw.githubusercontent.com/kent-map/images/main/20c/Dungeness__2.jpg)
![](https://raw.githubusercontent.com/kent-map/images/main/misc/Sissinghurst.jpg),![](https://raw.githubusercontent.com/kent-map/images/main/20c/Sissinghurst_ICVWW.jpg)
![](https://raw.githubusercontent.com/kent-map/images/main/20c/The_Hop_Farm.jpg),![](https://raw.githubusercontent.com/kent-map/images/main/20c/Oast_houses_MJC.jpg)
![](https://raw.githubusercontent.com/kent-map/images/main/20c/The_Hop_Farm.jpg),![](https://raw.githubusercontent.com/kent-map/images/main/landscapes/Oast_houses_MJC.jpg)
![](https://raw.githubusercontent.com/kent-map/images/main/20c/Jarman2.jpg),![](https://raw.githubusercontent.com/kent-map/images/main/20c/Jarman__2.jpg)
![](https://raw.githubusercontent.com/kent-map/images/main/20c/Chaucer_Jotel.jpg),![](https://raw.githubusercontent.com/kent-map/images/main/20c/Chaucer_Hotel.jpg)
"![](https://raw.githubusercontent.com/kent-map/images/main/20c/Hop_Picking_by_T.C._Dugdale,_1937.jpg)",![](https://raw.githubusercontent.com/kent-map/images/main/20c/Hop_pickers.jpg)
![](https://raw.githubusercontent.com/kent-map/images/main/20c/Cohen_studio.jpg),"![](https://raw.githubusercontent.com/kent-map/images/main/20c/Alfred_Cohen_in_his_studio_at_Scullsgate_Oast,_1978._Photo:_Alfred_Cohen_Archive.jpg)"
![](https://raw.githubusercontent.com/kent-map/images/main/20c/Tourtel_cantmus__3.jpg),![](https://raw.githubusercontent.com/kent-map/images/main/20c/Gentleness_from_‘Horses_at_Work’.jpg)
![](https://raw.githubusercontent.com/kent-map/images/main/20c/The_Sidney_Cooper_Gallery.jpg),![](https://raw.githubusercontent.com/kent-map/images/main/20c/Sidney_Cooper.jpg)
![](https://raw.githubusercontent.com/kent-map/images/main/20c/The_Sidney_Cooper_Gallery.jpg),![](https://raw.githubusercontent.com/kent-map/images/main/19c/The_Sidney_Cooper_Gallery_©_Martin_Crowther.jpg)
![](https://raw.githubusercontent.com/kent-map/images/main/20c/©_Martin_Crowther.jpg),![](https://raw.githubusercontent.com/kent-map/images/main/20c/Tourtel_grave.jpg)
![](https://raw.githubusercontent.com/kent-map/images/main/20c/Hopbin_MJC.jpg),![](https://raw.githubusercontent.com/kent-map/images/main/landscapes/Hopbin_MJC.jpg)
![](https://raw.githubusercontent.com/kent-map/images/main/thumbnails/children_Stig_of_the_Dump.jpg),![](https://raw.githubusercontent.com/kent-map/images/main/thumbnails/children_authors_and_stories1.jpg)
![](https://raw.githubusercontent.com/kent-map/images/main/thumbnails/wartime_Sheppey_at_War.jpg),![](https://raw.githubusercontent.com/kent-map/images/main/thumbnails/17c_Sheppey_at_War.jpg)
![](https://raw.githubusercontent.com/kent-map/images/main/thumbnails/wartime_Sheppey_at_War.jpg),![](https://raw.githubusercontent.com/kent-map/images/main/thumbnails/16c_Sheppey_at_War.jpg)
![](https://raw.githubusercontent.com/kent-map/images/main/thumbnails/18c_Elizabeth_Burgess.jpg),![](https://raw.githubusercontent.com/kent-map/images/main/thumbnails/18c_Hawkhurst_Gang.jpg)
![](https://raw.githubusercontent.com/kent-map/images/main/thumbnails/18c_Elizabeth_Burgess.jpg),![](https://raw.githubusercontent.com/kent-map/images/main/thumbnails/theatre_Elizabeth_Burgess.jpg)
![](https://raw.githubusercontent.com/kent-map/images/main/thumbnails/18c_Elizabeth_Burgess.jpg),![](https://raw.githubusercontent.com/kent-map/images/main/thumbnails/18c_Ann_Radcliffe.jpg)
![](https://raw.githubusercontent.com/kent-map/images/main/thumbnails/16c_Arden_of_Faversham.jpg),![](https://raw.githubusercontent.com/kent-map/images/main/thumbnails/theatre_Arden_of_Faversham.jpg)
![](https://raw.githubusercontent.com/kent-map/images/main/thumbnails/science_Robert_Plot.jpg),![](https://raw.githubusercontent.com/kent-map/images/main/thumbnails/garden_John_Tradescant.jpg)
![](https://raw.githubusercontent.com/kent-map/images/main/thumbnails/science_Robert_Plot.jpg),![](https://raw.githubusercontent.com/kent-map/images/main/thumbnails/17c_William_Harvey.jpg)
![](https://raw.githubusercontent.com/kent-map/images/main/thumbnails/science_Robert_Plot.jpg),![](https://raw.githubusercontent.com/kent-map/images/main/thumbnails/17c_John_Tradescant_the_Younger.jpg)
![](https://raw.githubusercontent.com/kent-map/images/main/thumbnails/science_Robert_Plot.jpg),![](https://raw.githubusercontent.com/kent-map/images/main/thumbnails/science_John_Tradescant_the_Younger.jpg)
![](https://raw.githubusercontent.com/kent-map/images/main/thumbnails/science_Robert_Plot.jpg),![](https://raw.githubusercontent.com/kent-map/images/main/thumbnails/science_John_Wallis.jpg)
![](https://raw.githubusercontent.com/kent-map/images/main/thumbnails/science_Robert_Plot.jpg),![](https://raw.githubusercontent.com/kent-map/images/main/thumbnails/science_William_Harvey.jpg)
![](https://raw.githubusercontent.com/kent-map/images/main/thumbnails/science_Robert_Plot.jpg),![](https://raw.githubusercontent.com/kent-map/images/main/thumbnails/17c_Robert_Plot.jpg)
![](https://raw.githubusercontent.com/kent-map/images/main/thumbnails/science_Robert_Plot.jpg),![](https://raw.githubusercontent.com/kent-map/images/main/thumbnails/17c_John_Wallis.jpg)
![](https://raw.githubusercontent.com/kent-map/images/main/thumbnails/artists_Marian_Peck.jpg),![](https://raw.githubusercontent.com/kent-map/images/main/thumbnails/edith_nesbit1.jpg)
![](https://raw.githubusercontent.com/kent-map/images/main/thumbnails/artists_Marian_Peck.jpg),![](https://raw.githubusercontent.com/kent-map/images/main/thumbnails/nesbit_Edith_Nesbit.jpg)
![](https://raw.githubusercontent.com/kent-map/images/main/thumbnails/prisons_Contagious_Diseases_Acts.jpg),![](https://raw.githubusercontent.com/kent-map/images/main/thumbnails/religion_Jewish_Emancipation.jpg)
![](https://raw.githubusercontent.com/kent-map/images/main/thumbnails/prisons_Contagious_Diseases_Acts.jpg),![](https://raw.githubusercontent.com/kent-map/images/main/thumbnails/religion_Joseph_Pyke.jpg)
![](https://raw.githubusercontent.com/kent-map/images/main/thumbnails/landscape_Writers_of_the_Romney_Marshes.jpg),![](https://raw.githubusercontent.com/kent-map/images/main/thumbnails/crime_Julian_Symons.jpg)
![](https://raw.githubusercontent.com/kent-map/images/main/thumbnails/21c_Impressions_from_a_Bolthole_Window.jpg),![](https://raw.githubusercontent.com/kent-map/images/main/thumbnails/poetry_Impressions_from_a_bolt_hole.jpg)
![](https://raw.githubusercontent.com/kent-map/images/main/thumbnails/21c_Impressions_from_a_Bolthole_Window.jpg),![](https://raw.githubusercontent.com/kent-map/images/main/thumbnails/built_Piers.jpg)
![](https://raw.githubusercontent.com/kent-map/images/main/thumbnails/science_Leonard_and_Thomas_Digges.jpg),![](https://raw.githubusercontent.com/kent-map/images/main/thumbnails/16c_Leonard_and_Thomas_Digges.jpg)
![](https://raw.githubusercontent.com/kent-map/images/main/thumbnails/science_Sir_John_Herschel1.jpg),![](https://raw.githubusercontent.com/kent-map/images/main/thumbnails/science_Anna_Atkins.jpg)
![](https://raw.githubusercontent.com/kent-map/images/main/thumbnails/science_Sir_John_Herschel1.jpg),![](https://raw.githubusercontent.com/kent-map/images/main/thumbnails/mathematicians_and_scientists1.jpg)
![](https://raw.githubusercontent.com/kent-map/images/main/thumbnails/placesad_Deal’s_War_on_the_Shore.jpg),![](https://raw.githubusercontent.com/kent-map/images/main/thumbnails/seascapes1.jpg)
![](https://raw.githubusercontent.com/kent-map/images/main/thumbnails/landscape_Chalk_Pits_Ash_and_Stig_of_the_Dump.jpg),![](https://raw.githubusercontent.com/kent-map/images/main/thumbnails/landscapes1.jpg)
![](https://raw.githubusercontent.com/kent-map/images/main/thumbnails/garden_S_C_Nethersole.jpg),![](https://raw.githubusercontent.com/kent-map/images/main/thumbnails/landscape_S_C_Nethersole.jpg)
![](https://raw.githubusercontent.com/kent-map/images/main/thumbnails/science_John_Boys.jpg),![](https://raw.githubusercontent.com/kent-map/images/main/thumbnails/shepherds_in_sackcloth1.jpg)
![](https://raw.githubusercontent.com/kent-map/images/main/thumbnails/science_John_Boys.jpg),![](https://raw.githubusercontent.com/kent-map/images/main/thumbnails/garden_John_Boys.jpg)
![](https://raw.githubusercontent.com/kent-map/images/main/thumbnails/science_John_Boys.jpg),![](https://raw.githubusercontent.com/kent-map/images/main/thumbnails/18c_John_Boys.jpg)
![](https://raw.githubusercontent.com/kent-map/images/main/thumbnails/prisons_and_discipline1.jpg),![](https://raw.githubusercontent.com/kent-map/images/main/thumbnails/prisons_Convicts_in_Kent.jpg)
![](https://raw.githubusercontent.com/kent-map/images/main/thumbnails/prisons_and_discipline1.jpg),![](https://raw.githubusercontent.com/kent-map/images/main/thumbnails/prisons_Canterbury_Gaol_in_the_Nineteenth_Century.jpg)
![](https://raw.githubusercontent.com/kent-map/images/main/thumbnails/austen_Godmersham.jpg),![](https://raw.githubusercontent.com/kent-map/images/main/thumbnails/jane_austen1.jpg)
![](https://raw.githubusercontent.com/kent-map/images/main/thumbnails/16c_John_Lyly.jpg),![](https://raw.githubusercontent.com/kent-map/images/main/thumbnails/theatre_John_Lyly.jpg)
![](https://raw.githubusercontent.com/kent-map/images/main/thumbnails/wartime_Siegfried_Sassoon.jpg),![](https://raw.githubusercontent.com/kent-map/images/main/thumbnails/poetry_Siegfried_Sassoon.jpg)
![](https://raw.githubusercontent.com/kent-map/images/main/thumbnails/garden_Hop_and_Fruit_Picking_in_the_20th_century.jpg),![](https://raw.githubusercontent.com/kent-map/images/main/thumbnails/21c_1.jpg)
![](https://raw.githubusercontent.com/kent-map/images/main/thumbnails/poetry_Henry_Gardiner_Adams.jpg),![](https://raw.githubusercontent.com/kent-map/images/main/thumbnails/placesad_Canterbury_in_the_19th_century.jpg)
![](https://raw.githubusercontent.com/kent-map/images/main/thumbnails/the_built_environment1.jpg),![](https://raw.githubusercontent.com/kent-map/images/main/thumbnails/religion_The_Hidden_Gems_of_Parochial_Kent.jpg)
![](https://raw.githubusercontent.com/kent-map/images/main/thumbnails/the_built_environment1.jpg),![](https://raw.githubusercontent.com/kent-map/images/main/thumbnails/built_The_Hidden_Gems_of_Parochial_Kent.jpg)
![](https://raw.githubusercontent.com/kent-map/images/main/thumbnails/science_Charles_Darwin.jpg),![](https://raw.githubusercontent.com/kent-map/images/main/thumbnails/Darwin1.jpg)
![](https://raw.githubusercontent.com/kent-map/images/main/thumbnails/18c_Sarah_Baker.jpg),![](https://raw.githubusercontent.com/kent-map/images/main/thumbnails/theatre_Sarah_Baker.jpg)
![](https://raw.githubusercontent.com/kent-map/images/main/thumbnails/18c_Sarah_Baker.jpg),![](https://raw.githubusercontent.com/kent-map/images/main/thumbnails/actors_and_theatres1.jpg)
![](https://raw.githubusercontent.com/kent-map/images/main/thumbnails/nesbit_River_Medway.jpg),![](https://raw.githubusercontent.com/kent-map/images/main/thumbnails/children_Edith_Nesbit.jpg)
![](https://raw.githubusercontent.com/kent-map/images/main/thumbnails/redlandscape.jpg),![](https://raw.githubusercontent.com/kent-map/images/main/thumbnails/artists_Alfred_Cohen.jpg)
![](https://raw.githubusercontent.com/kent-map/images/main/thumbnails/artists_and_designers1.jpg),![](https://raw.githubusercontent.com/kent-map/images/main/thumbnails/artists_Augustus_Welby_Pugin.jpg)
![](https://raw.githubusercontent.com/kent-map/images/main/thumbnails/16c_Spanish_Armada.jpg),![](https://raw.githubusercontent.com/kent-map/images/main/thumbnails/wartime_Spanish_Armada.jpg)
![](https://raw.githubusercontent.com/kent-map/images/main/thumbnails/wartime_Richborough_The_Secret_Port.jpg),![](https://raw.githubusercontent.com/kent-map/images/main/thumbnails/seascpae_Richborough_The_Secret_Port.jpg)
![](https://raw.githubusercontent.com/kent-map/images/main/thumbnails/crime_Arthur_Conan_Doyle.jpg),![](https://raw.githubusercontent.com/kent-map/images/main/thumbnails/crime_fiction1.jpg)
![](https://raw.githubusercontent.com/kent-map/images/main/thumbnails/placesad_Deal_by_the_Sea.jpg),![](https://raw.githubusercontent.com/kent-map/images/main/thumbnails/seascape_Deal_by_the_sea.jpg)
![](https://raw.githubusercontent.com/kent-map/images/main/thumbnails/wartime_Plum_Pudding_Riots.jpg),![](https://raw.githubusercontent.com/kent-map/images/main/thumbnails/17c_Plum_Pudding_Riots.jpg)
![](https://raw.githubusercontent.com/kent-map/images/main/thumbnails/poetry_Edmund_Blunden.jpg),![](https://raw.githubusercontent.com/kent-map/images/main/thumbnails/the_garden_of_england1.jpg)
![](https://raw.githubusercontent.com/kent-map/images/main/thumbnails/prisons_Bloody_Code.jpg),![](https://raw.githubusercontent.com/kent-map/images/main/thumbnails/18c_The_Bloody_Code.jpg)
![](https://raw.githubusercontent.com/kent-map/images/main/thumbnails/theatre_Charles_Shadwell.jpg),![](https://raw.githubusercontent.com/kent-map/images/main/thumbnails/18c_Charles_Shadwell.jpg)
![](https://raw.githubusercontent.com/kent-map/images/main/thumbnails/theatre_Aphra_Behn.jpg),![](https://raw.githubusercontent.com/kent-map/images/main/thumbnails/17c_Aphra_Behn.jpg)
![](https://raw.githubusercontent.com/kent-map/images/main/thumbnails/placesad_Dover_in_the_19th_century.jpg),![](https://raw.githubusercontent.com/kent-map/images/main/thumbnails/wartime_Secret_Wartime_Tunnels.jpg)
![](https://raw.githubusercontent.com/kent-map/images/main/thumbnails/science_Anna_Maria_Hussey.jpg),![](https://raw.githubusercontent.com/kent-map/images/main/thumbnails/science_Sir_John_Herschel.jpg)
"![](https://raw.githubusercontent.com/kent-map/images/main/music/Thomas_Mann_Baynes._The_Canterbury_Catch_Club_in_full_session_in_their_room_at_the_Prince_of_Wales_-_printed_by_Henry_Ward,_1826.jpg)",![](https://raw.githubusercontent.com/kent-map/images/main/music/Beaney.jpg)
"![](https://raw.githubusercontent.com/kent-map/images/main/music/Thomas_Mann_Baynes._The_Canterbury_Catch_Club_in_full_session_in_their_room_at_the_Prince_of_Wales_-_printed_by_Henry_Ward,_1826.jpg)","![](https://raw.githubusercontent.com/kent-map/images/main/19c/Thomas_Mann_Baynes._The_Canterbury_Catch_Club_in_full_session_in_their_room_at_the_Prince_of_Wales_-_printed_by_Henry_Ward,_1826.jpg)"
![](https://raw.githubusercontent.com/kent-map/images/main/maps/1820_map_of_Kent_EK_U133_image.jpg),![](https://raw.githubusercontent.com/kent-map/images/main/maps/1820_map_of_Kent.jpg)
![](https://raw.githubusercontent.com/kent-map/images/main/maps/1820_map_of_Kent_EK_U133_image.jpg),![](https://raw.githubusercontent.com/kent-map/images/main/dickens/1820_map_of_Kent_EK_U133_image_1.jpg)
![](https://raw.githubusercontent.com/kent-map/images/main/misc/Franklin.jpg),![](https://raw.githubusercontent.com/kent-map/images/main/dickens/Franklin.jpg)
![](https://raw.githubusercontent.com/kent-map/images/main/dickens/David_Copperfield_aunt.jpg),![](https://raw.githubusercontent.com/kent-map/images/main/dickens/David_Copperfield_-_shoes.jpg)
![](https://raw.githubusercontent.com/kent-map/images/main/dickens/Charles_Dickens_sign_Higham.jpg),![](https://raw.githubusercontent.com/kent-map/images/main/dickens/Charles_Dickens_Higham.jpg)
![](https://raw.githubusercontent.com/kent-map/images/main/dickens/Charles_Dickens_sign_Higham.jpg),"![](https://raw.githubusercontent.com/kent-map/images/main/dickens/Charles_Dicken's_sign,_Higham.jpg)"
![](https://raw.githubusercontent.com/kent-map/images/main/dickens/AlfredCapper.jpg),![](https://raw.githubusercontent.com/kent-map/images/main/dickens/Alfred_Capper.jpg)
![](https://raw.githubusercontent.com/kent-map/images/main/dickens/Forge Cottage Chalk.jpg),![](https://raw.githubusercontent.com/kent-map/images/main/dickens/Forge_Cottage_Chalk.jpg)
![](https://raw.githubusercontent.com/kent-map/images/main/misc/CO_in_bookshop.jpg),![](https://raw.githubusercontent.com/kent-map/images/main/dickens/CO_in_bookshop.jpg)
![](https://raw.githubusercontent.com/kent-map/images/main/dickens/Cooling churchyard.jpg),![](https://raw.githubusercontent.com/kent-map/images/main/dickens/Cooling_Churchyard.jpg)
![](https://raw.githubusercontent.com/kent-map/images/main/dickens/Hassam.jpg),![](https://raw.githubusercontent.com/kent-map/images/main/dickens/HassamHIGHRES.jpg)
![](https://raw.githubusercontent.com/kent-map/images/main/dickens/Hassam.jpg),"![](https://raw.githubusercontent.com/kent-map/images/main/dickens/Childe_Hassam,_Bleak_House,_Broadstairs,_1889.jpg)"
![](https://raw.githubusercontent.com/kent-map/images/main/dickens/Uriah_Heep.jpg),![](https://raw.githubusercontent.com/kent-map/images/main/dickens/Heep_of_Infamy_M00002-10.jpg)
![](https://raw.githubusercontent.com/kent-map/images/main/misc/Bleak_house_postcard.jpg),![](https://raw.githubusercontent.com/kent-map/images/main/dickens/Bleak_house_postcard.jpg)
![](https://raw.githubusercontent.com/kent-map/images/main/misc/Bleak_house_postcard.jpg),![](https://raw.githubusercontent.com/kent-map/images/main/dickens/Early_20C_postcard_of_Bleak_House_(formerly_Fort_House).jpg)
![](https://raw.githubusercontent.com/kent-map/images/main/austen/View_of_Ramsgate_Town_and_Harbour.jpg),![](https://raw.githubusercontent.com/kent-map/images/main/dickens/View_of_Ramsgate_Town_and_Harbour.jpg)
![](https://raw.githubusercontent.com/kent-map/images/main/austen/View_of_Ramsgate_Town_and_Harbour.jpg),![](https://raw.githubusercontent.com/kent-map/images/main/dickens/Ramsgate_Town_and_Harbour.jpg)
![](https://raw.githubusercontent.com/kent-map/images/main/dickens/p15878coll5_69_large.jpg),"![](https://raw.githubusercontent.com/kent-map/images/main/dickens/Bosco_at_the_Assembly_Rooms,_Broadstairs,_undated_playbill_with_1871_program_attached.jpg)"
![](https://raw.githubusercontent.com/kent-map/images/main/misc/Viking_Bay_Broadstairs.jpg),![](https://raw.githubusercontent.com/kent-map/images/main/dickens/Viking_Bay_Broadstairs.jpg)
![](https://raw.githubusercontent.com/kent-map/images/main/misc/JSTOR_Labs_logp.jpg),![](https://raw.githubusercontent.com/kent-map/images/main/dickens/JSTOR_Labs_logo.jpg)
![](https://raw.githubusercontent.com/kent-map/images/main/dickens/A_selection_of_books_about_Dickens_and_place.jpg),![](https://raw.githubusercontent.com/kent-map/images/main/dickens/Dickens_Land_books.jpg)
![](https://raw.githubusercontent.com/kent-map/images/main/dickens/The_Eldest_Miss_Larkins_T00072-21.jpg),![](https://raw.githubusercontent.com/kent-map/images/main/dickens/The Eldest Miss Larkins T00072-21.jpg)
![](https://raw.githubusercontent.com/kent-map/images/main/dickens/Dickens_World.jpg),![](https://raw.githubusercontent.com/kent-map/images/main/dickens/Dickensworld_site.jpg)
![](https://raw.githubusercontent.com/kent-map/images/main/dickens/Dickens_World.jpg),![](https://raw.githubusercontent.com/kent-map/images/main/dickens/Dickens_World_Site.jpg)
![](https://raw.githubusercontent.com/kent-map/images/main/dickens/The_Wreck_on_the_Goodwin_Sands.jpg),![](https://raw.githubusercontent.com/kent-map/images/main/dickens/The-wreck-on-the-goodwin-sands.jpg)
![](https://raw.githubusercontent.com/kent-map/images/main/dickens/The_Monthly_Wrapper_by_Robert_Seymour.jpg),![](https://raw.githubusercontent.com/kent-map/images/main/dickens/Pickwick_Papers_wrapper.jpg)
![](https://raw.githubusercontent.com/kent-map/images/main/dickens/Gads_steps.jpg),![](https://raw.githubusercontent.com/kent-map/images/main/dickens/Gads Hill steps.jpg)
![](https://raw.githubusercontent.com/kent-map/images/main/dickens/Gads_steps.jpg),![](https://raw.githubusercontent.com/kent-map/images/main/dickens/Gads_Hill_steps.jpg)
![](https://raw.githubusercontent.com/kent-map/images/main/dickens/Pip_at_post.jpg),![](https://raw.githubusercontent.com/kent-map/images/main/dickens/Pipatpost.jpg)
![](https://raw.githubusercontent.com/kent-map/images/main/dickens/Pickwick_Papers.jpg),![](https://raw.githubusercontent.com/kent-map/images/main/dickens/Pickwick_Papers_Victorian_web.jpg)
![](https://raw.githubusercontent.com/kent-map/images/main/dickens/Ship_and_Lobster.jpg),![](https://raw.githubusercontent.com/kent-map/images/main/dickens/Ship and Lobster.jpg)
![](https://raw.githubusercontent.com/kent-map/images/main/misc/Erebus.jpg),![](https://raw.githubusercontent.com/kent-map/images/main/dickens/Erebus.jpg)
![](https://raw.githubusercontent.com/kent-map/images/main/misc/Erebus.jpg),![](https://raw.githubusercontent.com/kent-map/images/main/19c/Erebus.jpg)
![](https://raw.githubusercontent.com/kent-map/images/main/dickens/Leather_Bottle.jpg),![](https://raw.githubusercontent.com/kent-map/images/main/dickens/Leather-bottle.jpg)
![](https://raw.githubusercontent.com/kent-map/images/main/dickens/Broadstairs_c13874-68.jpg),![](https://raw.githubusercontent.com/kent-map/images/main/dickens/Broadstairs__1.jpg)
"![](https://raw.githubusercontent.com/kent-map/images/main/dickens/Chatham_Dock_Yard,_engraved_by_R.Roffe_after_a_drawing_by_G.Shepherd,_published_in_W.H.Ireland's_The_County_of_Kent,_1832.jpg)",![](https://raw.githubusercontent.com/kent-map/images/main/dickens/Chatham_Dockyard.jpg)
![](https://raw.githubusercontent.com/kent-map/images/main/misc/Restoration_House.jpg),![](https://raw.githubusercontent.com/kent-map/images/main/dickens/Satis_house.jpg)
![](https://raw.githubusercontent.com/kent-map/images/main/misc/Restoration_House.jpg),"![](https://raw.githubusercontent.com/kent-map/images/main/dickens/Restoration_House,_Crow_Lane,_Rochester,_Kent_by_Ernest_William_Haslehust_(1866-1949),_RI,_RWA_1911.jpg)"
![](https://raw.githubusercontent.com/kent-map/images/main/dickens/Gads_1864067463.jpg),![](https://raw.githubusercontent.com/kent-map/images/main/dickens/Gads1864067463.jpg)
![](https://raw.githubusercontent.com/kent-map/images/main/dickens/Gadshill In Dickens Land.jpg),![](https://raw.githubusercontent.com/kent-map/images/main/dickens/Gadshill_In_Dickens_Land.jpg)
![](https://raw.githubusercontent.com/kent-map/images/main/dickens/Wine_emporium.jpg),![](https://raw.githubusercontent.com/kent-map/images/main/dickens/House_Wine_emporium.jpg)
![](https://raw.githubusercontent.com/kent-map/images/main/dickens/Gadshill.jpg),![](https://raw.githubusercontent.com/kent-map/images/main/dickens/Gads_from_the_road.jpg)
![](https://raw.githubusercontent.com/kent-map/images/main/dickens/Broadstairs.jpg),![](https://raw.githubusercontent.com/kent-map/images/main/dickens/Broadstairs__2.jpg)
![](https://raw.githubusercontent.com/kent-map/images/main/misc/Elizabeth_WS.jpg),![](https://raw.githubusercontent.com/kent-map/images/main/dickens/Elizabeth_WS.jpg)
![](https://raw.githubusercontent.com/kent-map/images/main/dickens/Mamie_Katie.jpg),![](https://raw.githubusercontent.com/kent-map/images/main/dickens/CDMamieKatie.jpg)
![](https://raw.githubusercontent.com/kent-map/images/main/misc/Michelle.jpg),![](https://raw.githubusercontent.com/kent-map/images/main/dickens/Michelle.jpg)
![](https://raw.githubusercontent.com/kent-map/images/main/19c/Bettisons_library.jpg),"![](https://raw.githubusercontent.com/kent-map/images/main/19c/Bettison's_Library,_Hawley_Square,_Margate,_1820.jpg)"
![](https://raw.githubusercontent.com/kent-map/images/main/dickens/Snargate_St_Dover_1830.jpg),![](https://raw.githubusercontent.com/kent-map/images/main/19c/Snargate_St_Dover_c.1830.jpg)
![](https://raw.githubusercontent.com/kent-map/images/main/19c/Dorothy_Jordan_in_the_character_of_the_Country_Girl.jpg),"![](https://raw.githubusercontent.com/kent-map/images/main/19c/Dorothy_Jordan_in_the_character_of_the_'Country_Girl'_by_John_Ogborne,_after_George_Romney_stipple_engraving,_published_24_June_1788_NPG_D8045.jpg)"
![](https://raw.githubusercontent.com/kent-map/images/main/20c/Down_House_banner.jpg),![](https://raw.githubusercontent.com/kent-map/images/main/19c/Down_House_banner.jpg)
"![](https://raw.githubusercontent.com/kent-map/images/main/dickens/The_Medway,_Chatham._Photochrom_Print_Collection.jpg)",![](https://raw.githubusercontent.com/kent-map/images/main/19c/The_Medway_Chatham_England-LCCN2002711859.jpg)
![](https://raw.githubusercontent.com/kent-map/images/main/dickens/Margate_from_the_Parade.jpg),![](https://raw.githubusercontent.com/kent-map/images/main/19c/Margate_from_the_Parade.jpg)
![](https://raw.githubusercontent.com/kent-map/images/main/dickens/M.E._Braddon_and_family.jpg),![](https://raw.githubusercontent.com/kent-map/images/main/19c/M.E._Braddon_and_family.jpg)
![](https://raw.githubusercontent.com/kent-map/images/main/dickens/M.E._Braddon_and_family.jpg),![](https://raw.githubusercontent.com/kent-map/images/main/19c/Braddon_family.jpg)
![](https://raw.githubusercontent.com/kent-map/images/main/dickens/Turner_Dover_D18185410.jpg),"![](https://raw.githubusercontent.com/kent-map/images/main/19c/Joseph_Mallord_William_Turner,_‘Dover_’,_c.1825.jpg)"
![](https://raw.githubusercontent.com/kent-map/images/main/dickens/Fort_Amherst.jpg),![](https://raw.githubusercontent.com/kent-map/images/main/19c/Fort_Amherst_-[sic]_actually_Archcliff_Fort.jpg)
![](https://raw.githubusercontent.com/kent-map/images/main/19c/Rear_of_Oswalds_-_Bishopsbourne_MJC.jpg),![](https://raw.githubusercontent.com/kent-map/images/main/19c/Oswalds.jpg)
![](https://raw.githubusercontent.com/kent-map/images/main/dickens/Mary_Price_on_Dover_Beach.jpg),![](https://raw.githubusercontent.com/kent-map/images/main/19c/Mary_Price_on_Dover_Beach.jpg)
![](https://raw.githubusercontent.com/kent-map/images/main/dickens/Leas_on_a_windy_day.jpg),![](https://raw.githubusercontent.com/kent-map/images/main/19c/Leas_on_a_windyday.jpg)
![](https://raw.githubusercontent.com/kent-map/images/main/dickens/Leas_on_a_windy_day.jpg),![](https://raw.githubusercontent.com/kent-map/images/main/19c/The_Lees_sic_on_a_windy_day._Folkestone_October_1888..jpg)
![](https://raw.githubusercontent.com/kent-map/images/main/dickens/Distant_Margate.jpg),"![](https://raw.githubusercontent.com/kent-map/images/main/19c/Joseph_Mallord_William_Turner,_‘A_Distant_View_of_Margate_After_Sunset’,_c.1840,_Tate_(N05239),_digital_image.jpg)"
![](https://raw.githubusercontent.com/kent-map/images/main/19c/Cherries.jpg),![](https://raw.githubusercontent.com/kent-map/images/main/19c/Kentish_cherries.jpg)
![](https://raw.githubusercontent.com/kent-map/images/main/dickens/Dover_from_Shakespears_Cliff.jpg),![](https://raw.githubusercontent.com/kent-map/images/main/19c/Dover_from_Shakespeare_Cliff.jpg)
![](https://raw.githubusercontent.com/kent-map/images/main/19c/King_William_IV.jpg),"![](https://raw.githubusercontent.com/kent-map/images/main/19c/King_William_IV_by_Sir_Martin_Archer_Shee_oil_on_canvas,_circa_1800._NPG_2199.jpg)"
"![](https://raw.githubusercontent.com/kent-map/images/main/19c/Hoodeners_from_Hale_Farm_in_St._Nicholas-at-Wade,_Kent,_as_photographed_in_June_1905.jpg)",![](https://raw.githubusercontent.com/kent-map/images/main/19c/Hoodeners.jpg)
![](https://raw.githubusercontent.com/kent-map/images/main/dickens/Franklin_pub.jpg),![](https://raw.githubusercontent.com/kent-map/images/main/19c/Franklinpub.jpg)
![](https://raw.githubusercontent.com/kent-map/images/main/dickens/Franklin_pub.jpg),![](https://raw.githubusercontent.com/kent-map/images/main/19c/Franklin_pub.jpg)
"![](https://raw.githubusercontent.com/kent-map/images/main/19c/Richard_Doddridge_Blackmore_by_Frederick_John_Jenkins,_published_by_Sampson_Low,_Marston_&_Co_Ltd_heliogravure,_after_1885_NPG_x7343.jpg)",![](https://raw.githubusercontent.com/kent-map/images/main/19c/Richard_Doddridge_Blackmore.jpg)
![](https://raw.githubusercontent.com/kent-map/images/main/19c/Site_of_Mrs_Baker's_Canterbury_Theatre.jpg),![](https://raw.githubusercontent.com/kent-map/images/main/19c/Orange_Street_MJC.jpg)
![](https://raw.githubusercontent.com/kent-map/images/main/19c/Erebusand_Terror.jpg),"![](https://raw.githubusercontent.com/kent-map/images/main/19c/The_Erebus_and_Terror_among_Icebergs_in_Dr_Hartwig's_The_Polar_World,_1886.jpg)"
![](https://raw.githubusercontent.com/kent-map/images/main/19c/Dorothy_Jordan_as_Lucy_in_The_Virgin_Unmasked.jpg),"![](https://raw.githubusercontent.com/kent-map/images/main/19c/Dorothy_Jordan_as_Lucy_in_'The_Virgin_Unmasked'_by_Unknown_artist,_line_engraving,_published_1787_NPG_D4418.jpg)"
![](https://raw.githubusercontent.com/kent-map/images/main/18c/1U8A1283-01.jpg),![](https://raw.githubusercontent.com/kent-map/images/main/18c/Wax_seal.jpg)
![](https://raw.githubusercontent.com/kent-map/images/main/misc/18C_Bloody_Code_Death_warrant.jpg),![](https://raw.githubusercontent.com/kent-map/images/main/18c/Death_warrant.jpg)
